{
  "18-40": {
    "group": "18-40",
    "cov": [
      [
        13.629052631578947,
        3.195789473684208
      ],
      [
        3.195789473684208,
        8.910394736842107
      ]
    ],
    "volbw_mean": 21.32,
    "volbw_sd": 3.598277365629281,
    "bfbw_mean": 23.775,
    "bfbw_sd": 2.909445823520349
  },
  "41-65": {
    "group": "41-65",
    "cov": [
      [
        12.050266666666666,
        9.918066666666665
      ],
      [
        9.918066666666665,
        16.50776666666667
      ]
    ],
    "volbw_mean": 18.887999999999998,
    "volbw_sd": 3.401213900947719,
    "bfbw_mean": 20.612,
    "bfbw_sd": 3.980886333468967
  },
  "66-84": {
    "group": "66-84",
    "cov": [
      [
        4.1998684210526305,
        1.4271052631578953
      ],
      [
        1.4271052631578953,
        6.684315789473685
      ]
    ],
    "volbw_mean": 15.724999999999998,
    "volbw_sd": 1.9974671461628597,
    "bfbw_mean": 15.27,
    "bfbw_sd": 2.519940475487467
  }
}