{
  "s": 0.5677538925680843,
  "scale": 0.85114545611249,
  "mean": 16.45442883683627
}